{
  "id": "2757326",
  "name": "个人博客",
  "font_family": "iconfont",
  "css_prefix_text": "el-icon-",
  "description": "",
  "glyphs": [
    {
      "icon_id": "15270250",
      "name": "job",
      "font_class": "job",
      "unicode": "e65a",
      "unicode_decimal": 58970
    },
    {
      "icon_id": "20962856",
      "name": "location",
      "font_class": "location",
      "unicode": "e607",
      "unicode_decimal": 58887
    },
    {
      "icon_id": "18986691",
      "name": "GitHub",
      "font_class": "GitHub",
      "unicode": "e8c6",
      "unicode_decimal": 59590
    },
    {
      "icon_id": "1330569",
      "name": "微信",
      "font_class": "weixin",
      "unicode": "e73b",
      "unicode_decimal": 59195
    },
    {
      "icon_id": "4933179",
      "name": "评论",
      "font_class": "comment",
      "unicode": "e6d7",
      "unicode_decimal": 59095
    }
  ]
}
